{
  "val_mse": 0.05912314158899554,
  "val_mae": 0.1859429632849997,
  "val_r2": 0.21520800569017207,
  "test_mse": 0.062023283810268046,
  "test_mae": 0.19785151442570448,
  "test_r2": 0.28799993904110577
}