{
  "test_mse": 0.05745355406154862,
  "test_mae": 0.1853406882206114,
  "test_r2": 0.340458429784791,
  "val_mse": 0.05659781950060293,
  "val_mae": 0.17838794699350374,
  "val_r2": 0.24872876430955448,
  "feature_importances": [
    0.07704872190723966,
    0.09000352104236836,
    0.23928200503815383,
    0.28533807722962323,
    0.30832767478261497
  ]
}