,contestant_name,predicted_rank,predicted_prob,predicted_prob_normalized,num_idols_possessed,social_score,strategy_score,challenge_wins_per_day_lasted,confessionals_per_epi
0,Charlie,1,0.6994567706432561,0.23807731192636816,0,9,8,0.25,5.25
1,Kenzie,2,0.49889506155985186,0.16981120231387198,0,7,6,0.25,5.5
2,Tiff,3,0.48653358650024303,0.16560367030166484,1,7,7,0.125,5.13
3,Ben,4,0.34313518468613297,0.11679449799635745,0,7,7,0.3125,3.0
4,Hunter,5,0.32359419023698016,0.1101432400114731,1,7,7,0.5625,3.5
5,Maria,6,0.24909637089341902,0.08478607525434297,0,8,8,0.3125,2.13
6,Q,7,0.1381801766476413,0.04703302105078899,0,4,3,0.1875,6.63
7,Liz,8,0.12339400699239127,0.042000184608342726,0,4,3,0.4375,1.75
8,Venus,9,0.07565428575018977,0.02575079653678978,0,1,3,0.4375,4.38
