,contestant_name,predicted_rank,predicted_prob,predicted_prob_normalized,num_idols_possessed,social_score,strategy_score,challenge_wins_per_day_lasted,confessionals_per_epi
0,Charlie,1,0.6719576393471866,0.3997858299846678,0,7,8,0.30434782608695654,6.08
1,Kenzie,2,0.3500978448266946,0.20829312634329164,0,8,6,0.17391304347826086,5.83
2,Maria,3,0.3068454446358551,0.18255981266905047,0,6,7,0.30434782608695654,3.58
3,Ben,4,0.23929249954636464,0.14236872228015643,0,6,4,0.21739130434782608,2.83
4,Liz,5,0.11260060922386261,0.06699250872283372,0,2,2,0.30434782608695654,2.92
