,contestant_name,predicted_rank,predicted_prob,predicted_prob_normalized,num_idols_possessed,social_score,strategy_score,challenge_wins_per_day_lasted,confessionals_per_epi
0,Charlie,1,0.5319098454945128,0.24551161310011407,0,8,8,0.3157894736842105,4.7
1,Kenzie,2,0.41486500015880096,0.1914876670746209,0,8,6,0.21052631578947367,5.6
2,Maria,3,0.40565713008680193,0.18723762535469174,0,7,8,0.2631578947368421,2.8
3,Ben,4,0.315537319388691,0.14564136560469548,0,7,5,0.2631578947368421,2.9
4,Q,5,0.3076312107725103,0.14199217299029923,0,4,3,0.21052631578947367,6.5
5,Liz,6,0.11900610037022959,0.05492919508471583,0,1,3,0.3684210526315789,2.8
6,Venus,7,0.07192979002353234,0.033200360790862804,0,1,2,0.3684210526315789,4.0
