,contestant_name,predicted_rank,predicted_prob,predicted_prob_normalized,num_idols_possessed,social_score,strategy_score,challenge_wins_per_day_lasted,confessionals_per_epi
0,Charlie,1,0.552841363336725,0.28340977954311175,0,8,8,0.2857142857142857,5.73
1,Kenzie,2,0.4060458504639372,0.20815621369178988,0,7,5,0.19047619047619047,5.91
2,Ben,3,0.4015855194965567,0.20586966007987303,0,6,5,0.23809523809523808,2.73
3,Maria,4,0.34138107587157707,0.17500632526662982,0,6,8,0.2857142857142857,2.82
4,Q,5,0.14969792832777282,0.0767414663211332,0,4,3,0.19047619047619047,6.27
5,Liz,6,0.09912676141750205,0.050816555097462364,0,2,2,0.3333333333333333,2.73
